dataset	predictor	year	sn	sp	bacc	mcc	auc	rank_auc	rank_bacc	rank_mcc	source
SL329	RegionAdapterMoETCN (this work)	2026	0.780902	0.935526	0.858214	0.733181	0.920545	1	1	1	This work: P4.8 full DM3000, 3-seed ensemble, Platt
SL329	IDP-EDL	2025	0.690000	0.970000	0.828000	0.700000	0.915000	2	3	2	IDP-EDL Table 5
SL329	IDP-Fusion	2023	0.729000	0.933000	0.831000	0.685000	0.908000	3	2	3	IDP-Fusion main paper Table 1
SL329	DeepIDP-2L	2022	0.730000	0.930000	0.828000	0.680000	0.904000	4	3	4	IDP-Fusion supplementary Table S3
SL329	SPOT-Disorder	2017	0.650000	0.960000	0.805000	0.650000	0.901000	5	9	6	IDP-Fusion supplementary Table S3
SL329	IDP-Seq2Seq	2021	0.710000	0.920000	0.822000	0.670000	0.899000	6	5	5	IDP-Fusion supplementary Table S3
SL329	AUCpreD	2016	0.630000	0.960000	0.795000	0.640000	0.887000	7	11	8	IDP-Fusion supplementary Table S3
SL329	SPINE-D	2012	0.820000	0.800000	0.815000	0.610000	0.886000	8	7	11	IDP-Fusion supplementary Table S3
SL329	DISOPRED3	2015	0.670000	0.920000	0.796000	0.620000	0.880000	9	10	9	IDP-Fusion supplementary Table S3
SL329	RFPR-IDP	2021	0.780000	0.840000	0.809000	0.620000	0.879000	10	8	9	IDP-Fusion supplementary Table S3
SL329	MFDp	2010	0.880000	0.620000	0.750000	0.510000	0.873000	11	17	16	IDP-Fusion supplementary Table S3
SL329	IDP-FSP	2019	0.750000	0.890000	0.821000	0.650000	0.864000	12	6	6	IDP-Fusion supplementary Table S3
SL329	MD	2009	0.660000	0.890000	0.775000	0.580000	0.864000	12	13	13	IDP-Fusion supplementary Table S3
SL329	DISOPRED2	2004	0.690000	0.900000	0.795000	0.590000	0.858000	14	11	12	IDP-Fusion supplementary Table S3
SL329	DISOClust	2008	0.810000	0.700000	0.755000	0.510000	0.846000	15	16	16	IDP-Fusion supplementary Table S3
SL329	PONDR-FIT	2010	0.610000	0.910000	0.760000	0.550000	0.843000	16	14	14	IDP-Fusion supplementary Table S3
SL329	IUPred-long	2005	0.600000	0.920000	0.760000	0.550000	0.839000	17	14	14	IDP-Fusion supplementary Table S3
SL329	IUPred-short	2005	0.500000	0.940000	0.720000	0.500000	0.829000	18	19	19	IDP-Fusion supplementary Table S3
SL329	NORSnet	2007	0.540000	0.920000	0.730000	0.510000	0.815000	19	18	16	IDP-Fusion supplementary Table S3
SL329	Ucon	2007	0.590000	0.810000	0.700000	0.420000	0.779000	20	20	20	IDP-Fusion supplementary Table S3
SL329	PONDR VL-XT	2001	0.590000	0.780000	0.685000	0.380000	0.755000	21	21	21	IDP-Fusion supplementary Table S3
MXD494	RegionAdapterMoETCN (this work)	2026	0.752104	0.807806	0.779955	0.501629	0.850471	1	1	1	This work: P4.8 full DM3000, 3-seed ensemble, Platt
MXD494	FusionEncoder	2025	0.742000	0.806000	0.774000	0.492000	0.842000	2	2	2	FusionEncoder Table 3
MXD494	IDP-EDL	2025	0.679000	0.843000	0.761000	0.488000	0.837000	3	4	3	IDP-EDL Table 4
MXD494	IDP-Fusion	2023	0.712000	0.808000	0.760000	0.470000	0.834000	4	5	5	IDP-Fusion main paper Table 1
MXD494	IDP-Seq2Seq	2021	0.743000	0.791000	0.767000	0.475000	0.825000	5	3	4	IDP-Fusion supplementary Table S2
MXD494	DeepIDP-2L	2022	0.737000	0.776000	0.757000	0.452000	0.825000	5	6	8	IDP-Fusion supplementary Table S2
MXD494	MFDp	2010	0.746000	0.768000	0.757000	0.451000	0.821000	7	6	9	IDP-Fusion supplementary Table S2
MXD494	RFPR-IDP	2021	0.749000	0.758000	0.754000	0.442000	0.821000	7	8	11	IDP-Fusion supplementary Table S2
MXD494	MD	2009	0.673000	0.813000	0.743000	0.444000	0.821000	7	10	10	IDP-Fusion supplementary Table S2
MXD494	SPOT-Disorder	2017	0.626000	0.851000	0.739000	0.457000	0.813000	10	12	7	IDP-Fusion supplementary Table S2
MXD494	SPINE-D	2012	0.787000	0.698000	0.742000	0.411000	0.803000	11	11	13	IDP-Fusion supplementary Table S2
MXD494	DISOPRED3	2015	0.622000	0.820000	0.721000	0.410000	0.800000	12	15	15	IDP-Fusion supplementary Table S2
MXD494	AUCpreD	2016	0.521000	0.881000	0.701000	0.411000	0.800000	12	18	13	IDP-Fusion supplementary Table S2
MXD494	IDP-FSP	2019	0.670000	0.831000	0.751000	0.465000	0.794000	14	9	6	IDP-Fusion supplementary Table S2
MXD494	PONDR-FIT	2010	0.631000	0.821000	0.726000	0.419000	0.790000	15	13	12	IDP-Fusion supplementary Table S2
MXD494	IUPred-long	2005	0.581000	0.841000	0.711000	0.405000	0.784000	16	16	17	IDP-Fusion supplementary Table S2
MXD494	DISOPRED2	2004	0.647000	0.800000	0.724000	0.406000	0.781000	17	14	16	IDP-Fusion supplementary Table S2
MXD494	IUPred-short	2005	0.522000	0.866000	0.694000	0.389000	0.781000	17	19	18	IDP-Fusion supplementary Table S2
MXD494	DISpro	2005	0.303000	0.940000	0.622000	0.318000	0.775000	19	22	21	IDP-Fusion supplementary Table S2
MXD494	RONN	2005	0.664000	0.754000	0.709000	0.368000	0.764000	20	17	19	IDP-Fusion supplementary Table S2
MXD494	Ucon	2007	0.554000	0.787000	0.671000	0.313000	0.741000	21	21	22	IDP-Fusion supplementary Table S2
MXD494	NORSnet	2007	0.532000	0.829000	0.681000	0.347000	0.738000	22	20	20	IDP-Fusion supplementary Table S2
MXD494	PROFbval	2006	0.835000	0.387000	0.611000	0.196000	0.697000	23	23	23	IDP-Fusion supplementary Table S2
DISORDER723	RegionAdapterMoETCN (this work)	2026	0.659175	0.972673	0.815924	0.613151	0.945409	1	2	2	This work: P4.8 full DM3000, 3-seed ensemble, Platt
DISORDER723	IDP-EDL	2025	0.603000	0.984000	0.793000	0.636000	0.943000	2	4	1	IDP-EDL Table 6
DISORDER723	FusionEncoder	2025	0.695000	0.955000	0.825000	0.564000	0.932000	3	1	3	FusionEncoder Table 2
DISORDER723	IDP-Fusion	2023	0.625000	0.962000	0.793000	0.539000	0.917000	4	4	5	IDP-Fusion main paper Table 1
DISORDER723	DeepIDP-2L	2022	0.615000	0.962000	0.789000	0.529000	0.914000	5	6	8	IDP-Fusion supplementary Table S4
DISORDER723	AUCpreD	2016	0.580000	0.974000	0.777000	0.564000	0.914000	5	8	3	IDP-Fusion supplementary Table S4
DISORDER723	IDP-Seq2Seq	2021	0.618000	0.955000	0.787000	0.511000	0.906000	7	7	10	IDP-Fusion supplementary Table S4
DISORDER723	DISOPRED3	2015	0.452000	0.986000	0.719000	0.536000	0.899000	8	11	6	IDP-Fusion supplementary Table S4
DISORDER723	RFPR-IDP	2021	0.522000	0.974000	0.748000	0.517000	0.898000	9	9	9	IDP-Fusion supplementary Table S4
DISORDER723	SPOT-Disorder	2017	0.470000	0.983000	0.726000	0.531000	0.898000	9	10	7	IDP-Fusion supplementary Table S4
DISORDER723	SPINE-D	2012	0.779000	0.840000	0.810000	0.376000	0.891000	11	3	12	IDP-Fusion supplementary Table S4
DISORDER723	IUPred-short	2005	0.495000	0.943000	0.719000	0.382000	0.810000	12	11	11	IDP-Fusion supplementary Table S4
DISORDER723	IUPred-long	2005	0.298000	0.949000	0.623000	0.247000	0.721000	13	13	13	IDP-Fusion supplementary Table S4
